{
  "features": [
    "Amount",
    "hour",
    "V4",
    "V11",
    "V12",
    "V14",
    "V17",
    "V3",
    "V7",
    "V10",
    "V16",
    "V2"
  ],
  "contamination": 0.0017,
  "n_estimators": 200,
  "auc_roc": 0.9617,
  "score_min": -0.08557020351363553,
  "score_max": 0.3407271018476204,
  "score_mean": 0.2704717051545484
}